36.36,-1.31,-27.3,35.86,-1.39,-27.3,0.506359556,0.42,0.5032,3.92,0.94
36.48,-1.29,-27.3,35.74,-1.41,-27.3,0.7496665926,0.63,0.7449,4.64,1.09
36.61,-1.26,-27.31,35.61,-1.44,-27.29,1.0162676813,0.84,1.0082,5.15,1.1
36.71,-1.24,-27.31,35.51,-1.46,-27.29,1.2201639234,1.02,1.2102,5.92,1
36.94,-1.2,-27.31,35.28,-1.5,-27.29,1.6870091879,1.41,1.6736,6.55,0.56
37.09,-1.18,-27.31,35.13,-1.52,-27.29,1.9893717601,1.66,1.9748,6.75,0.3
35.84,-0.99,-27.15,35.86,-1.81,-27.09,0.8224354078,0.67,0.5844,2.95,1.01
35.84,-0.83,-27.16,35.86,-1.97,-27.08,1.142978565,0.93,0.812,4.75,1.11
35.84,-0.7,-27.17,35.86,-2.1,-27.07,1.4037093716,1.14,0.9972,5.1,1.1
35.84,-0.53,-27.19,35.86,-2.27,-27.05,1.7457376664,1.43,1.2397,6.08,0.96
35.83,-0.42,-27.2,35.87,-2.38,-27.04,1.9669265365,1.6,1.3968,6.41,0.82
35.83,-0.23,-27.21,35.87,-2.57,-27.03,2.3472537145,1.92,1.6668,6.75,0.55
35.78,-1.33,-26.37,35.94,-1.69,-27.49,1.1872657664,0.71,0.5843,4.16,1.09
35.76,-1.29,-26.23,35.96,-1.73,-27.63,1.4810806865,0.87,0.7295,4.85,1.11
35.74,-1.25,-26.11,35.98,-1.77,-27.75,1.73712406,1.03,0.8592,5.25,1.06
35.73,-1.22,-26,35.99,-1.8,-27.86,1.9656042328,1.16,0.9704,6.17,0.97
35.71,-1.18,-25.88,36.01,-1.84,-27.98,2.2216210298,1.31,1.1012,6.75,0.83
35.92,-1.36,-28.09,35.92,-1.88,-28.63,0.7496665926,0.59,0.4254,4.29,1.01
35.92,-1.23,-27.95,35.92,-2.01,-28.77,1.1317243481,0.76,0.6418,5.1,1.12
35.92,-1.2,-27.92,35.92,-2.04,-28.8,1.2165525061,0.85,0.6907,5.84,1.11
35.92,-1.1,-27.82,35.92,-2.14,-28.9,1.4993331851,0.91,0.8543,6.41,1.02
36.26,-2.04,-27.45,36.32,-1.28,-29.43,2.1216974337,0.63,1.0638,2.95,1
36.25,-2.12,-27.23,36.33,-1.2,-29.65,2.5902123465,0.78,1.3019,4.01,1.08
36.25,-2.16,-27.12,36.33,-1.16,-29.76,2.8241812973,0.84,1.421,4.64,1.1
36.25,-2.2,-27.03,36.33,-1.12,-29.85,3.0207945975,0.9,1.5245,5,1.11
36.24,-2.32,-26.7,36.34,-1,-30.18,3.7232781255,1.11,1.8868,5.47,1.09
34.86,-0.97,-27.98,34.58,-1.73,-28.5,0.9624967532,0.81,0.6374,4.42,1.1
34.88,-0.93,-27.95,34.56,-1.77,-28.53,1.0697663296,0.9,0.7102,5.25,1.11
34.92,-0.83,-27.89,34.52,-1.87,-28.59,1.315902732,1.11,0.879,5.92,1.07
34.96,-0.72,-27.81,34.48,-1.98,-28.67,1.5992498241,1.35,1.0654,6.41,0.92
34.97,-0.69,-27.8,34.47,-2.01,-28.69,1.6686821147,1.41,1.1134,7.05,0.86
36.53,-1.94,-28.04,35.91,-1.54,-28.56,0.9026627277,0.58,0.7239,4.69,1.03
36.57,-1.97,-28.01,35.88,-1.51,-28.59,1.0119782606,0.64,0.8102,4.85,1.07
36.63,-2.01,-27.96,35.81,-1.47,-28.64,1.1943198901,0.76,0.9597,4.59,1.11
36.66,-2.03,-27.93,35.78,-1.45,-28.67,1.2877888026,0.82,1.0317,5,1.12
36.74,-2.08,-27.86,35.7,-1.4,-28.74,1.5226293049,0.98,1.2189,5.99,1.08
34.59,-1.05,-27.84,34.95,-1.43,-28.14,0.6033241252,0.49,0.4648,3.83,0.98
34.53,-0.99,-27.79,35.01,-1.49,-28.19,0.8002499609,0.66,0.6173,4.85,1.09
34.49,-0.94,-27.75,35.05,-1.54,-28.23,0.9507891459,0.78,0.7286,5.52,1.11
34.44,-0.89,-27.71,35.1,-1.59,-28.27,1.113193604,0.93,0.8553,5.77,1.09
34.3,-0.75,-27.6,35.24,-1.73,-28.38,1.5660140485,1.3,1.2101,6.75,0.79
33.42,-0.72,-28.45,32.94,-1.46,-27.75,1.1260550608,0.61,0.7782,3.25,1.03
33.5,-0.61,-28.56,32.86,-1.57,-27.64,1.4756693397,0.8,1.0216,4.36,1.11
33.51,-0.59,-28.57,32.85,-1.59,-27.63,1.5228919857,0.83,1.0566,5.71,1.11
33.58,-0.49,-28.67,32.78,-1.69,-27.53,1.8383688422,1,1.2742,6.28,1.09
33.62,-0.43,-28.73,32.74,-1.75,-27.47,2.0259318843,1.1,1.4021,6.17,1.04
33.72,-0.27,-28.88,32.64,-1.91,-27.32,2.5079074943,1.36,1.7307,7.05,0.83
50.77,-16.21,-11.24,50.53,-16.21,-11.22,0.2408318916,0.25,0.2404,3.25,0
50.9,-16.2,-11.24,50.4,-16.22,-11.22,0.500799361,0.5,0.5005,3.92,0.04
51.02,-16.2,-11.25,50.28,-16.22,-11.21,0.7413501197,0.75,0.7408,5,3.21
51.13,-16.19,-11.25,50.17,-16.23,-11.21,0.9616652224,0.97,0.961,5.84,0.38
51.25,-16.19,-11.26,50.05,-16.23,-11.2,1.2021647142,1.21,1.2013,6.28,0
51.43,-16.19,-11.26,49.87,-16.24,-11.2,1.5619539046,1.56,1.5612,7.05,0
50.74,-15.82,-11.1,50.8,-16.54,-11.06,0.7236021006,0.51,0.4618,2.95,0
50.73,-15.7,-11.1,50.81,-16.66,-11.06,0.9641576635,0.69,0.6133,3.25,0.01
50.72,-15.47,-11.12,50.82,-16.89,-11.05,1.4252368224,1.02,0.9106,4.36,1.63
50.7,-15.28,-11.12,50.84,-17.08,-11.04,1.807207791,1.29,1.1566,5.47,2.6
50.69,-15.16,-11.13,50.85,-17.2,-11.03,2.0487069092,1.46,1.3156,6.17,0.5
50.68,-15.05,-11.14,50.86,-17.31,-11.02,2.2703303724,1.61,1.4624,6.55,0.03
50.6,-15.87,-10.44,50.7,-16.29,-11.56,1.200333287,0.73,0.7581,3.83,0.35
50.59,-15.82,-10.31,50.71,-16.34,-11.69,1.4795945391,0.88,0.9356,4.59,2.71
50.58,-15.77,-10.18,50.72,-16.39,-11.82,1.7588632693,1.05,1.1138,5.25,2.46
50.57,-15.74,-10.09,50.73,-16.42,-11.91,1.9494614641,1.17,1.2383,6.41,0.67
50.55,-15.65,-9.86,50.75,-16.51,-12.14,2.4449948875,1.46,1.557,7.05,0
50.53,-15.56,-9.62,50.77,-16.6,-12.38,2.9591890781,1.77,1.8916,7.05,0
50.79,-15.87,-11.33,50.75,-16.69,-11.93,1.0168579055,0.59,0.5427,3.59,0.02
50.8,-15.74,-11.23,50.74,-16.82,-12.03,1.3453624047,0.78,0.7213,4.69,1.11
50.8,-15.66,-11.17,50.74,-16.9,-12.09,1.5451860729,0.89,0.8299,5.25,3.01
50.81,-15.51,-11.07,50.73,-17.05,-12.19,1.9058856209,1.1,1.0283,5.58,1.3
50.81,-15.43,-11.01,50.73,-17.13,-12.25,2.1057065323,1.22,1.1384,6.41,0.19
50.83,-16.33,-10.78,50.81,-15.97,-11.42,0.7345747069,0.55,0.5668,3.45,0
50.83,-16.39,-10.67,50.81,-15.91,-11.53,0.9850888285,0.74,0.76,3.92,0.03
50.83,-16.53,-10.41,50.81,-15.77,-11.79,1.5755633913,1.19,1.2155,5.2,3.38
50.84,-16.62,-10.26,50.8,-15.68,-11.94,1.9255129187,1.46,1.4861,5.64,0.51
50.84,-16.71,-10.09,50.8,-15.59,-12.11,2.3100649342,1.76,1.7827,6.75,0
50.85,-16.89,-9.76,50.79,-15.41,-12.44,3.062090789,2.32,2.3633,7.05,0
50.19,-16.31,-11.15,49.73,-17.07,-11.61,1.00039992,0.69,0.6584,4.01,1.46
50.22,-16.27,-11.12,49.7,-17.11,-11.64,1.116422859,0.77,0.7383,4.69,3.09
50.27,-16.2,-11.07,49.65,-17.18,-11.69,1.3149904943,0.91,0.8742,5.31,1.95
50.33,-16.1,-11.01,49.59,-17.28,-11.75,1.5772127314,1.09,1.0482,6.17,0.05
50.38,-16.02,-10.96,49.54,-17.36,-11.8,1.7907540311,1.24,1.1914,6.75,0
50.12,-16.69,-11.15,49.66,-16.41,-11.57,0.6829348432,0.59,0.6018,3.45,0.07
50.19,-16.73,-11.08,49.59,-16.37,-11.64,0.8962142601,0.79,0.7885,4.8,2
50.25,-16.77,-11.02,49.53,-16.33,-11.7,1.0836973747,0.94,0.9517,5.47,3.01
50.33,-16.81,-10.95,49.46,-16.29,-11.77,1.3037254312,1.14,1.1461,5.92,0.23
50.35,-16.83,-10.92,49.43,-16.27,-11.8,1.3908270921,1.22,1.2202,6.55,0.04
49.59,-16.16,-11.03,50.07,-16.7,-11.37,0.7984985911,0.62,0.588,3.59,0.12
49.5,-16.06,-10.97,50.16,-16.8,-11.43,1.0930690738,0.83,0.8074,4.48,3.1
49.47,-16.03,-10.94,50.19,-16.83,-11.46,1.1953242238,0.92,0.882,5.36,3.21
49.42,-15.97,-10.91,50.24,-16.89,-11.49,1.3620572675,1.05,1.0055,5.58,1.04
49.35,-15.89,-10.86,50.31,-16.97,-11.54,1.5969971822,1.22,1.179,6.28,0.02
49.28,-16.65,-11.55,48.7,-16.95,-11.23,0.7271863585,0.66,0.6694,4.23,0.99
49.36,-16.61,-11.59,48.62,-16.99,-11.19,0.9230384607,0.86,0.851,5.41,3.23
49.41,-16.59,-11.62,48.57,-17.01,-11.16,1.045753317,0.96,0.9651,5.99,1.14
49.46,-16.56,-11.64,48.52,-17.04,-11.14,1.1679041057,1.08,1.078,5.99,0.1
49.52,-16.53,-11.68,48.46,-17.07,-11.1,1.3234802605,1.23,1.22,6.08,0
60.02,-0.98,1.26,59.54,-1,1.24,0.4808326112,0.42,0.4808,2.95,0.73
60.14,-0.98,1.26,59.42,-1,1.24,0.7205553414,0.64,0.7205,3.92,1.18
60.26,-0.97,1.26,59.3,-1.01,1.24,0.9610411021,0.85,0.961,5.1,1.21
60.42,-0.96,1.27,59.14,-1.02,1.23,1.2820296408,1.14,1.2819,6.75,0.62
59.95,-0.67,1.27,59.99,-1.19,1.29,0.521919534,0.73,0.5034,3.59,0.81
59.94,-0.55,1.26,60,-1.31,1.3,0.7634133874,1.07,0.7372,4.53,1.21
59.93,-0.48,1.26,60.01,-1.38,1.3,0.9044335244,1.28,0.8744,5.05,1.26
59.93,-0.46,1.26,60.01,-1.4,1.3,0.9442457307,1.32,0.9132,5.41,1.24
59.92,-0.33,1.25,60.02,-1.53,1.31,1.2056533498,1.7,1.1675,6.55,0.82
59.63,-0.97,1.58,59.65,-1.05,0.84,0.7445804188,0.71,0.7073,3.25,0.72
59.63,-0.96,1.71,59.65,-1.06,0.71,1.0051865499,0.97,0.9523,4.53,1.05
59.62,-0.93,1.99,59.66,-1.09,0.43,1.5686937241,1.49,1.4805,5.41,1.17
59.61,-0.91,2.25,59.67,-1.11,0.17,2.090454496,1.99,1.9666,7.05,0.53
59.61,-0.9,2.29,59.67,-1.12,0.13,2.1720036832,2.07,2.0434,7.05,0.43
59.55,-0.85,1.3,59.55,-1.39,0.84,0.709365914,0.89,0.6929,4.01,1.08
59.55,-0.75,1.38,59.55,-1.49,0.76,0.9654014709,1.2,0.9427,5.25,1.26
59.55,-0.66,1.46,59.55,-1.58,0.68,1.2061509027,1.5,1.1773,6.28,0.98
59.55,-0.57,1.53,59.56,-1.67,0.61,1.4340502083,1.78,1.3991,7.05,0.54
59.52,-1.27,1.59,59.52,-0.69,0.91,0.8937561189,1.02,0.8189,3.83,1.02
59.52,-1.36,1.7,59.52,-0.6,0.8,1.1779643458,1.34,1.073,4.59,1.26
59.52,-1.43,1.79,59.52,-0.53,0.71,1.4058449417,1.59,1.2745,5.41,1.2
59.16,-0.43,0.93,58.82,-0.63,0.69,0.4617358552,0.48,0.4581,3.25,0.54
59.31,-0.35,1.05,58.67,-0.71,0.57,0.877268488,0.91,0.8693,4.48,1.19
59.38,-0.31,1.1,58.6,-0.75,0.52,1.0669582935,1.11,1.0571,4.9,1.26
59.43,-0.28,1.13,58.55,-0.78,0.49,1.1974973904,1.24,1.1865,5.41,1.16
59.46,-0.26,1.16,58.52,-0.8,0.46,1.2904262862,1.34,1.2781,6.08,1.05
59.49,-0.24,1.18,58.49,-0.82,0.44,1.3725887949,1.42,1.3594,6.75,0.91
59.29,-0.58,1.08,58.89,-0.32,0.72,0.5976621119,0.62,0.5809,2.95,0.75
59.35,-0.61,1.12,58.83,-0.29,0.68,0.7525955089,0.77,0.7319,4.23,1.02
59.53,-0.73,1.28,58.65,-0.17,0.52,1.2905812644,1.34,1.2493,6.41,1.07
59.51,-0.71,1.26,58.67,-0.19,0.54,1.2224565432,1.27,1.1844,5.47,1.16
59.58,-0.76,1.33,58.6,-0.14,0.47,1.4437451299,1.49,1.3954,7.05,0.83
58.44,-0.36,1.1,58.8,-0.62,0.72,0.5844655678,0.63,0.576,3.45,0.94
58.38,-0.31,1.16,58.86,-0.67,0.66,0.7810249676,0.83,0.7696,4.23,1.24
58.35,-0.29,1.19,58.89,-0.69,0.63,0.8747571091,0.94,0.8618,5.2,1.26
58.31,-0.26,1.24,58.93,-0.72,0.58,1.015677114,1.09,0.9999,6.17,1.15
58.24,-0.21,1.3,59,-0.77,0.52,1.2245815612,1.3,1.2057,6.55,0.75
59.04,-0.42,0.58,58.66,-0.66,0.94,0.575847202,0.58,0.5658,3.25,0.75
59.12,-0.37,0.51,58.58,-0.71,1.01,0.810678728,0.82,0.7983,4.16,1.14
59.16,-0.35,0.47,58.54,-0.73,1.05,0.9301612763,0.95,0.917,5.25,1.25
59.2,-0.32,0.44,58.5,-0.76,1.08,1.0455620498,1.07,1.0319,5.64,1.26
59.28,-0.28,0.37,58.42,-0.8,1.15,1.2721635115,1.3,1.2581,6.28,1.01
55.79,-27.08,2.83,55.27,-27.12,2.83,0.5215361924,0.5,0.5203,3.25,0.5
55.9,-27.07,2.83,55.16,-27.13,2.83,0.7424284477,0.69,0.7405,4.08,1.04
56.02,-27.06,2.83,55.04,-27.14,2.83,0.9832598843,0.92,0.9807,5.25,1.29
56.16,-27.05,2.83,54.9,-27.15,2.83,1.2639620247,1.18,1.2608,6.08,0.77
56.26,-27.04,2.83,54.8,-27.16,2.83,1.4649232062,1.38,1.461,7.05,0.32
55.77,-27.36,2.06,55.49,-27.38,2.06,0.280713377,0.27,0.2801,2.95,0.12
56.04,-27.34,2.07,55.22,-27.4,2.05,0.8224354078,0.78,0.8206,4.23,1.19
56.05,-27.34,2.07,55.21,-27.4,2.05,0.8423775875,0.79,0.8406,4.69,1.22
56.11,-27.34,2.07,55.15,-27.4,2.05,0.9620810777,0.91,0.9605,5.05,1.29
56.22,-27.33,2.07,55.04,-27.41,2.05,1.1828778466,1.1,1.1807,5.64,0.98
55.57,-26.27,2.72,55.57,-27.95,2.88,1.6876018488,0.79,0.7712,3.59,0.82
55.57,-26.13,2.71,55.57,-28.09,2.89,1.9682479519,0.92,0.9021,4.36,1.08
55.57,-26.01,2.7,55.57,-28.21,2.9,2.2090722034,1.03,1.015,4.8,1.24
55.57,-25.91,2.69,55.57,-28.31,2.91,2.4100622399,1.13,1.1096,5.36,1.29
55.58,-25.65,2.67,55.56,-28.57,2.93,2.9316207122,1.37,1.3572,6.41,1.06
55.49,-26.67,2.05,55.45,-28.27,2.15,1.6036209028,0.74,0.7287,3.45,0.78
55.49,-26.46,2.04,55.45,-28.48,2.16,2.0239565213,0.94,0.9233,4.42,1.16
55.5,-26.37,2.03,55.44,-28.57,2.17,2.2052664238,1.03,1.0084,4.53,1.26
55.5,-26.26,2.02,55.44,-28.68,2.18,2.4260255563,1.13,1.1116,4.85,1.29
55.5,-26,2.01,55.44,-28.94,2.19,2.9461160873,1.37,1.3567,5.71,1
55.88,-27.11,3.14,55.88,-27.31,2.38,0.7858753082,0.53,0.5535,3.45,0.62
55.87,-27.07,3.26,55.89,-27.35,2.26,1.0386529738,0.71,0.7308,4.36,1.08
55.87,-27.05,3.36,55.89,-27.37,2.16,1.2420950044,0.84,0.8751,4.95,1.28
55.87,-27.01,3.49,55.89,-27.41,2.03,1.5139352694,1.02,1.0661,5.52,1.13
55.87,-26.97,3.63,55.89,-27.45,1.89,1.8051038751,1.23,1.2711,6.41,0.62
55.87,-26.93,3.77,55.89,-27.49,1.75,2.0962824237,1.42,1.4763,7.05,0.21
55.89,-27.32,2.37,55.91,-27.54,1.59,0.810678728,0.55,0.5675,3.72,0.67
55.89,-27.3,2.48,55.91,-27.56,1.48,1.0334408546,0.7,0.7252,4.64,1.07
55.89,-27.27,2.57,55.91,-27.59,1.39,1.2227837094,0.84,0.8572,5.05,1.28
55.89,-27.23,2.73,55.91,-27.63,1.23,1.5525462956,1.06,1.0891,5.71,1.07
55.89,-27.2,2.81,55.91,-27.66,1.15,1.7226723426,1.18,1.2074,6.55,0.78
55.64,-26.72,3.09,55.62,-27.78,2.43,1.2488394613,0.7,0.7044,3.45,0.95
55.64,-26.63,3.15,55.62,-27.87,2.37,1.4650597257,0.82,0.8291,4.36,1.2
55.64,-26.53,3.21,55.62,-27.97,2.31,1.6982343772,0.96,0.961,5.2,1.29
55.64,-26.4,3.29,55.62,-28.1,2.23,2.0034969428,1.12,1.1352,5.84,1.09
55.64,-26.35,3.33,55.62,-28.15,2.19,2.1307275753,1.19,1.212,6.75,0.91
55.66,-27.15,2.28,55.62,-28.09,1.66,1.1267652817,0.62,0.632,3.92,0.8
55.67,-26.98,2.39,55.61,-28.26,1.56,1.5267285286,0.85,0.8556,4.29,1.25
55.67,-26.91,2.43,55.61,-28.33,1.51,1.6930445948,0.94,0.9492,5.15,1.29
55.68,-26.7,2.57,55.6,-28.54,1.37,2.1981810662,1.22,1.2378,6.08,0.79
55.68,-26.7,2.57,55.6,-28.54,1.37,2.1981810662,1.22,1.2378,5.31,0.79
55.59,-27.41,3.19,55.53,-26.71,2.41,1.0497618778,0.61,0.6094,2.95,0.58
55.59,-27.47,3.25,55.53,-26.65,2.35,1.2190159966,0.7,0.7041,3.45,0.81
55.6,-27.57,3.37,55.52,-26.55,2.23,1.5317963311,0.88,0.8873,4.08,1.18
55.61,-27.64,3.45,55.51,-26.48,2.15,1.7451647487,1,1.011,4.75,1.29
55.61,-27.7,3.52,55.51,-26.42,2.08,1.9292485584,1.11,1.1169,5.52,1.25
55.62,-27.78,3.6,55.5,-26.34,2,2.1559220765,1.23,1.2437,6.41,1.05
55.65,-27.73,2.58,55.57,-26.93,1.72,1.1772850122,0.67,0.6841,3.92,0.73
55.66,-27.87,2.73,55.56,-26.79,1.57,1.5880806025,0.92,0.9201,4.59,1.21
55.67,-27.93,2.8,55.55,-26.73,1.5,1.7732456119,1.03,1.0291,4.9,1.29
55.67,-27.99,2.86,55.55,-26.67,1.44,1.942472651,1.12,1.1238,5.1,1.26
55.68,-28.05,2.92,55.54,-26.61,1.38,2.1130073355,1.22,1.2205,5.52,1.14
55.69,-28.18,3.06,55.53,-26.48,1.24,2.4955961212,1.44,1.4387,6.28,0.66
55.92,-27.95,2.46,55.4,-28.61,2,0.9579144012,0.66,0.6892,4.16,0.92
56,-27.85,2.53,55.32,-28.71,1.93,1.249799984,0.86,0.9006,4.9,1.28
56.05,-27.79,2.58,55.27,-28.77,1.88,1.4348519087,0.99,1.0362,5.36,1.24
56.07,-27.76,2.59,55.25,-28.8,1.87,1.5074481749,1.05,1.0859,5.58,1.16
56.15,-27.67,2.66,55.17,-28.89,1.8,1.7856091398,1.24,1.2936,6.75,0.68
55.88,-28.43,2.58,55.32,-27.99,2,0.9184770003,0.68,0.7093,2.95,0.65
55.97,-28.49,2.67,55.23,-27.93,1.91,1.1994998958,0.89,0.9324,3.72,1.1
56.07,-28.57,2.78,55.13,-27.85,1.8,1.5370100845,1.14,1.1903,4.85,1.28
56.09,-28.59,2.79,55.11,-27.83,1.79,1.5931101657,1.18,1.2334,5.84,1.26
56.14,-28.63,2.85,55.06,-27.79,1.73,1.7681628884,1.31,1.3661,6.28,1.08
55.19,-27.79,2.38,55.69,-28.39,2.06,0.8440379138,0.59,0.6174,4.01,0.71
55.14,-27.72,2.42,55.74,-28.46,2.02,1.0332473082,0.73,0.7499,4.36,1.04
55.1,-27.68,2.45,55.78,-28.5,1.99,1.1603447763,0.81,0.8481,4.8,1.22
55.04,-27.61,2.48,55.84,-28.57,1.96,1.3535139453,0.95,0.9911,5.1,1.29
54.97,-27.51,2.54,55.91,-28.67,1.91,1.6205246064,1.14,1.1772,5.58,1.01
54.92,-27.46,2.56,55.96,-28.72,1.88,1.7696327303,1.24,1.293,6.41,0.73
55.79,-27.88,2.02,55.27,-28.42,2.54,0.9123595782,0.65,0.6696,4.16,1.04
55.86,-27.81,1.95,55.2,-28.5,2.61,1.1607325273,0.82,0.8508,5,1.29
55.96,-27.71,1.86,55.1,-28.59,2.7,1.4898322053,1.05,1.0994,5.99,0.87
55.94,-27.73,1.88,55.12,-28.57,2.68,1.4205632686,1,1.0479,5.71,1.01
55.97,-27.69,1.85,55.09,-28.61,2.71,1.536359333,1.08,1.128,6.75,0.79
63.67,12.37,20.92,63.41,12.35,20.9,0.2615339366,0.23,0.2604,2.95,0
63.78,12.38,20.93,63.3,12.34,20.89,0.4833218389,0.41,0.4808,3.45,0
63.9,12.39,20.94,63.18,12.33,20.88,0.7249827584,0.61,0.7212,4.16,0
64.02,12.4,20.95,63.06,12.32,20.87,0.9666436779,0.8,0.9616,5.2,6.05
64.17,12.41,20.96,62.91,12.31,20.86,1.2679116688,1.05,1.262,6.55,0
63.65,12.76,20.9,63.69,11.98,20.82,0.7851114571,0.62,0.5131,2.95,0
63.64,12.99,20.93,63.7,11.75,20.79,1.2493198149,0.99,0.8119,4.42,2.4
63.63,13.13,20.94,63.71,11.61,20.78,1.5304901176,1.22,0.9965,5.52,0.82
63.63,13.28,20.96,63.71,11.46,20.76,1.8327029219,1.47,1.1893,6.75,0
63.62,13.38,20.97,63.72,11.36,20.75,2.0344040897,1.63,1.3201,7.05,0
63.96,12.31,21.1,63.9,12.19,20.18,0.9297311439,0.51,0.4903,3.25,0
63.97,12.34,21.32,63.89,12.16,19.96,1.3741906709,0.76,0.7207,4.23,1.19
63.97,12.36,21.41,63.89,12.14,19.87,1.5576905983,0.86,0.8115,4.95,6.71
63.98,12.38,21.55,63.88,12.12,19.73,1.841195264,1.02,0.9573,5.47,0.05
63.98,12.38,21.6,63.88,12.12,19.68,1.94010309,1.08,1.0106,5.92,0
63.6,12.54,21.08,63.62,11.82,20.44,0.9635351576,0.54,0.4872,2.95,0
63.6,12.64,21.16,63.62,11.72,20.36,1.219344086,0.69,0.6174,4.42,0
63.59,12.84,21.34,63.63,11.52,20.18,1.7577258034,0.99,0.8843,5.47,5.7
63.59,12.93,21.42,63.63,11.43,20.1,1.9984994371,1.12,1.0028,5.77,0.1
63.59,13.03,21.5,63.63,11.33,20.02,2.2543291685,1.27,1.1307,6.55,0
63.72,12.49,20.45,63.78,11.85,21.01,0.8525256594,0.76,0.6222,3.45,0
63.71,12.57,20.37,63.79,11.77,21.09,1.0792590051,0.96,0.7869,4.59,2.37
63.71,12.64,20.32,63.79,11.7,21.14,1.2499599994,1.11,0.9124,5.77,4.11
63.7,12.71,20.25,63.8,11.63,21.21,1.4484474447,1.29,1.0568,6.55,0.01
63.37,13.18,20.48,62.69,12.42,19.7,1.2839003077,0.81,0.8646,4.29,0.97
63.4,13.22,20.52,62.66,12.38,19.66,1.4116656828,0.9,0.9458,4.9,5.71
63.48,13.3,20.6,62.58,12.3,19.58,1.6883127672,1.07,1.1393,5.52,0.16
63.51,13.34,20.64,62.55,12.26,19.54,1.8160396471,1.16,1.2203,5.92,0
63.55,13.39,20.69,62.51,12.21,19.49,1.9783831783,1.25,1.3252,6.28,0
60.75,13.46,21.34,60.25,13.86,21.06,0.6988562084,0.61,0.6127,3.45,0
60.81,13.42,21.37,60.19,13.9,21.03,0.8546344248,0.76,0.7525,3.92,0.03
60.84,13.39,21.39,60.16,13.93,21.01,0.9478396489,0.83,0.8316,4.64,1.2
60.93,13.32,21.44,60.07,14,20.96,1.196829144,1.05,1.0506,5.84,0.83
61.09,13.2,21.53,59.91,14.12,20.87,1.6353592877,1.42,1.4373,6.75,0
61.03,13.38,20.98,61.49,13.02,20.66,0.6660330322,0.48,0.5183,3.45,0
60.96,13.44,21.03,61.56,12.96,20.61,0.8756711712,0.63,0.6784,4.29,0.02
60.85,13.53,21.11,61.67,12.87,20.53,1.201831935,0.85,0.9282,5.15,2.18
60.8,13.57,21.15,61.72,12.83,20.49,1.3526270735,0.97,1.0419,5.71,0.01
60.73,13.63,21.2,61.79,12.77,20.44,1.562305988,1.11,1.2017,6.08,0
63.25,12.63,18.96,62.87,12.29,19.3,0.6128621378,0.54,0.5194,3.25,0
63.31,12.68,18.91,62.81,12.24,19.35,0.7982480817,0.7,0.6782,4.29,0.02
63.35,12.72,18.87,62.77,12.2,19.39,0.9365895579,0.82,0.7936,4.9,3.33
63.43,12.79,18.79,62.69,12.13,19.47,1.2023310692,1.05,1.0165,5.64,0.04
63.5,12.85,18.73,62.62,12.07,19.53,1.4222517358,1.24,1.2043,6.41,0
46.85,12.76,-13.4,46.11,12.76,-13.48,0.7443117626,0.72,0.7419,4.42,1.16
47.09,12.76,-13.38,45.87,12.76,-13.5,1.2258874337,1.19,1.2226,5.92,0.47
47.22,12.76,-13.37,45.74,12.76,-13.51,1.4866068747,1.44,1.483,7.05,0.04
46.33,13.25,-13.41,46.29,12.23,-13.27,1.0303397498,0.8,0.6643,3.25,0.68
46.33,13.37,-13.43,46.29,12.11,-13.25,1.2734205904,0.99,0.8177,4.42,1.27
46.33,13.47,-13.44,46.29,12.01,-13.24,1.4741777369,1.14,0.9473,5.36,1.51
46.34,13.64,-13.46,46.28,11.84,-13.22,1.8169204716,1.41,1.1668,5.92,0.92
46.34,13.76,-13.48,46.28,11.72,-13.2,2.06,1.59,1.3186,6.75,0.38
46.46,12.66,-12.54,46.42,12.56,-13.76,1.2247448714,0.85,0.853,3.92,0.74
46.46,12.66,-12.54,46.42,12.56,-13.76,1.2247448714,0.85,0.853,4.23,0.74
46.46,12.67,-12.43,46.42,12.55,-13.87,1.44554488,1,1.0082,4.59,1.22
46.47,12.68,-12.33,46.41,12.54,-13.97,1.6470579832,1.14,1.151,4.85,1.49
46.47,12.68,-12.21,46.41,12.54,-14.09,1.8861601205,1.3,1.315,5.47,1.39
46.54,12.97,-13.2,46.5,12.39,-13.6,0.7056911506,0.61,0.5496,3.25,0.37
46.55,13.07,-13.13,46.49,12.29,-13.67,0.9505787711,0.83,0.7404,3.83,1.09
46.56,13.14,-13.07,46.48,12.22,-13.73,1.1350770899,1,0.8854,4.85,1.49
46.57,13.26,-12.99,46.47,12.1,-13.81,1.4240786495,1.24,1.1099,5.77,1.02
46.58,13.41,-12.89,46.46,11.95,-13.91,1.7850490189,1.56,1.3899,6.75,0.14
46.58,13.5,-12.82,46.46,11.86,-13.98,2.0123617965,1.76,1.5667,7.05,0.02
46.52,12.02,-12.75,46.66,13.26,-14.35,2.0290884653,1.18,1.1451,3.25,0.63
46.52,11.96,-12.67,46.66,13.32,-14.43,2.2286318673,1.3,1.2599,3.59,0.88
46.51,11.9,-12.59,46.67,13.38,-14.51,2.4294855422,1.42,1.3775,4.36,1.13
46.5,11.77,-12.42,46.68,13.51,-14.68,2.8579013279,1.66,1.6285,5,1.49
46.49,11.71,-12.35,46.69,13.57,-14.75,3.0429590862,1.77,1.7381,5.41,1.5
46.46,11.45,-12.01,46.72,13.83,-15.1,3.9089768482,2.28,2.2575,6.55,0.62
46.54,11.77,-12.57,46.2,11.27,-12.91,0.6936858078,0.64,0.5868,3.45,0.49
46.56,11.8,-12.56,46.18,11.24,-12.92,0.7665507159,0.7,0.6485,4.29,0.73
46.6,11.85,-12.52,46.14,11.19,-12.96,0.9169514709,0.85,0.7775,4.48,1.25
46.62,11.89,-12.5,46.12,11.15,-12.98,1.0139033485,0.94,0.8572,5,1.46
46.66,11.95,-12.46,46.08,11.09,-13.03,1.1835962149,1.1,1.0003,5.71,1.39
46.79,11.16,-12.3,46.21,11.74,-13,1.0783320453,0.79,0.7795,3.72,0.88
46.82,11.13,-12.26,46.18,11.77,-13.04,1.1948221625,0.87,0.8629,4.48,1.17
46.85,11.09,-12.22,46.15,11.81,-13.08,1.3221195105,0.96,0.9512,4.75,1.41
46.9,11.04,-12.16,46.1,11.86,-13.14,1.5075808436,1.1,1.0866,5.1,1.49
46.97,10.97,-12.07,46.03,11.93,-13.23,1.7750492951,1.29,1.2803,6.17,0.98
45.87,11.85,-12.55,46.35,11.25,-12.89,0.8402380615,0.78,0.7234,4.16,1
45.82,11.9,-12.52,46.4,11.2,-12.92,0.9931767214,0.92,0.8584,4.9,1.45
45.81,11.92,-12.51,46.41,11.18,-12.93,1.0411532068,0.97,0.8976,5.31,1.5
45.76,11.97,-12.48,46.46,11.13,-12.96,1.1941524191,1.11,1.0327,5.41,1.33
45.74,12,-12.46,46.48,11.1,-12.98,1.2759310326,1.18,1.1016,5.77,1.08
46.4,11.59,-12.89,45.96,11.27,-12.55,0.6415605973,0.52,0.5123,3.45,0.17
46.51,11.67,-12.97,45.85,11.19,-12.47,0.9570788891,0.77,0.7658,4.42,0.87
46.55,11.7,-13,45.81,11.16,-12.44,1.0736852425,0.87,0.8587,4.9,1.2
46.65,11.77,-13.07,45.71,11.09,-12.37,1.3549907749,1.1,1.0866,5.31,1.45
46.66,11.78,-13.08,45.7,11.08,-12.36,1.3892443989,1.11,1.1118,5.25,1.41
46.73,11.83,-13.13,45.63,11.03,-12.31,1.5882065357,1.27,1.272,5.52,0.88
42.5,35.93,20.39,42.16,35.95,20.39,0.3405877273,0.32,0.3401,2.95,1.1
42.57,35.93,20.39,42.09,35.95,20.39,0.480416486,0.45,0.4801,3.72,1.1
42.71,35.93,20.38,41.95,35.95,20.4,0.7605261337,0.69,0.7601,4.29,1.1
42.83,35.92,20.38,41.83,35.96,20.4,1.0009995005,0.91,1.0001,5.25,0
42.96,35.92,20.38,41.7,35.96,20.4,1.260793401,1.15,1.2601,6.28,1.1
43.09,35.92,20.38,41.57,35.96,20.4,1.5206577524,1.38,1.5201,6.55,1.1
41.49,36.46,20.41,41.47,34.96,20.41,1.5001333274,0.68,0.6436,3.72,1.1
41.49,36.58,20.41,41.47,34.84,20.41,1.7401149387,0.79,0.7455,4.29,0
41.49,36.72,20.41,41.47,34.7,20.41,2.0200990075,0.91,0.8641,5.1,1.1
41.5,36.78,20.41,41.47,34.64,20.41,2.14021027,0.97,0.9151,6.17,1.1
41.5,36.95,20.41,41.46,34.47,20.41,2.4803225597,1.12,1.0588,6.55,1.1
41.55,35.85,22.23,41.57,35.85,21.19,1.0401922899,0.62,0.576,2.95,1.1
41.54,35.86,22.38,41.58,35.84,21.04,1.340746061,0.8,0.7381,2.95,1.1
41.54,35.86,22.42,41.58,35.84,21,1.4207040508,0.85,0.7822,4.08,1.1
41.54,35.86,22.41,41.58,35.84,21.01,1.4007141036,0.83,0.7712,3.83,1.1
41.54,35.86,22.59,41.58,35.84,20.83,1.7605680901,1.05,0.9691,5.1,1.1
41.54,35.86,22.67,41.58,35.84,20.75,1.9205207627,1.15,1.057,5.77,1.1
41.86,36.17,20.74,41.86,35.39,19.92,1.1317243481,0.44,0.4272,2.95,1.1
41.87,36.29,20.86,41.85,35.27,19.8,1.4711899945,0.57,0.5527,4.01,1.1
41.87,36.4,20.98,41.85,35.16,19.68,1.7966635745,0.69,0.6749,4.69,1.1
41.87,36.46,21.05,41.85,35.1,19.61,1.980807916,0.77,0.745,5.15,1.1
41.87,36.55,21.14,41.85,35.01,19.52,2.2352628481,0.86,0.8378,5.52,0
41.87,36.65,21.25,41.85,34.91,19.41,2.5325086377,0.98,0.9485,5.84,1.1
41.87,36.8,21.4,41.85,34.76,19.26,2.9566196915,1.15,1.1019,6.28,1.1
41.89,35.88,20.56,41.91,36.04,20.36,0.2569046516,0.17,0.158,2.95,1.1
41.88,35.65,20.86,41.92,36.27,20.06,1.012916581,0.67,0.622,3.59,1.1
41.87,35.58,20.94,41.93,36.34,19.98,1.2258874337,0.81,0.7526,4.85,1.1
41.87,35.5,21.05,41.93,36.43,19.87,1.5036289436,1,0.9228,5.71,1.1
41.86,35.42,21.16,41.94,36.51,19.76,1.7760912139,1.17,1.0912,6.17,1.1
41.86,35.33,21.26,41.94,36.59,19.66,2.0381364037,1.35,1.2513,7.05,1.1
43.47,35.86,22.66,42.75,35.12,21.88,1.2939860896,0.77,0.8205,3.59,1.1
43.51,35.9,22.71,42.71,35.08,21.83,1.4445760624,0.86,0.9138,4.42,1.1
43.54,35.93,22.74,42.68,35.05,21.8,1.5484185481,0.92,0.981,5.15,0
43.57,35.97,22.77,42.65,35.01,21.77,1.6637307474,0.99,1.0494,5.64,1.1
43.64,36.04,22.85,42.58,34.94,21.69,1.9181240836,1.14,1.2098,5.64,1.1
43.73,36.13,22.95,42.49,34.85,21.59,2.2417850031,1.34,1.4147,6.41,1.1
44.24,34.27,23.68,43.74,34.87,23,1.0355674773,0.76,0.747,4.95,1.1
44.28,34.23,23.73,43.7,34.91,22.95,1.1862546101,0.88,0.859,4.85,1.1
44.01,34.54,23.37,43.97,34.6,23.31,0.0938083152,0.07,0.0653,4.69,1.1
44.35,34.15,23.83,43.63,34.99,22.85,1.4779715829,1.1,1.0696,5.25,1.1
44.39,34.09,23.89,43.59,35.05,22.79,1.6648123017,1.24,1.1998,5.92,1.1
43.02,35.66,22.49,43.68,34.9,21.69,1.2857682528,0.74,0.7746,3.72,1.1
42.98,35.7,22.54,43.72,34.86,21.64,1.4363843497,0.82,0.8681,4.16,0.08
42.96,35.73,22.57,43.74,34.83,21.61,1.5297058541,0.88,0.9181,4.48,1.1
42.94,35.75,22.59,43.76,34.81,21.59,1.5987495113,0.91,0.9628,5.41,1.1
42.86,35.84,22.69,43.84,34.72,21.49,1.9117531221,1.09,1.1509,6.28,1.1
42.67,34.97,24.04,43.19,35.35,23.08,1.1560276813,0.83,0.8101,4.08,1.1
42.66,34.96,24.05,43.2,35.36,23.07,1.1882760622,0.86,0.8357,5.31,1.1
42.61,34.93,24.14,43.25,35.39,22.98,1.4024264687,1.02,0.9864,5.58,1.1
42.58,34.91,24.19,43.28,35.41,22.93,1.5256474036,1.11,1.0746,6.08,1.1
42.56,34.89,24.23,43.3,35.43,22.89,1.6232067028,1.17,1.1418,6.17,1.1
42.49,34.85,24.35,43.37,35.48,22.77,1.9151240169,1.38,1.3494,7.05,1.1
77.09,4.02,35.15,76.63,4.02,35.13,0.4604345773,0.33,0.4601,2.95,0.32
77.23,4.03,35.15,76.49,4.01,35.13,0.7405403433,0.53,0.7401,3.45,0.79
77.35,4.03,35.15,76.37,4.01,35.13,0.9804080783,0.7,0.9801,4.23,1.19
77.48,4.03,35.15,76.24,4.01,35.13,1.2403225387,0.89,1.2401,5.36,1.26
77.6,4.03,35.16,76.12,4.01,35.12,1.4806755215,1.06,1.4801,5.92,0.94
77.75,4.03,35.16,75.97,4.01,35.12,1.7805617091,1.27,1.7801,6.55,0.4
78.33,1.68,37.28,78.29,1.04,37.18,0.6489992296,0.48,0.4122,2.95,0.5
78.34,1.81,37.3,78.28,0.91,37.16,0.9127978966,0.68,0.5799,3.45,0.93
78.35,1.96,37.33,78.27,0.76,37.13,1.2191800523,0.91,0.7732,4.23,1.28
78.35,2.11,37.35,78.27,0.61,37.11,1.5211837496,1.14,0.9642,5.15,1.14
78.36,2.22,37.37,78.26,0.5,37.09,1.7455085219,1.3,1.1062,5.99,0.79
78.37,2.36,37.39,78.25,0.36,37.07,2.0289898965,1.52,1.2861,7.05,0.36
78.55,1.68,36.03,78.39,1.58,34.83,1.2147427711,0.48,0.4867,3.25,0.63
78.58,1.7,36.29,78.36,1.56,34.57,1.7396551382,0.69,0.6916,3.92,1.14
78.61,1.71,36.46,78.33,1.55,34.4,2.0850899261,0.82,0.8312,4.75,1.29
78.62,1.72,36.56,78.32,1.54,34.3,2.2869193252,0.9,0.9084,5.25,1.27
78.63,1.73,36.67,78.31,1.53,34.19,2.5085453952,0.98,0.9923,5.64,1.14
78.65,1.74,36.83,78.29,1.52,34.03,2.8316073174,1.12,1.1169,6.41,0.85
78.68,1.76,37,78.26,1.5,33.86,3.1786160511,1.25,1.2553,6.75,0.51
78.71,1.49,34.64,78.55,0.83,33.86,1.0342146779,0.6,0.5452,2.95,0.68
78.73,1.57,34.73,78.53,0.75,33.77,1.2782800945,0.74,0.6751,3.83,0.99
78.75,1.64,34.82,78.51,0.68,33.68,1.509569475,0.87,0.7946,4.53,1.21
78.77,1.71,34.9,78.49,0.61,33.6,1.7258041604,0.99,0.9099,5.41,1.29
78.8,1.82,35.03,78.46,0.5,33.47,2.0716177254,1.2,1.0915,6.41,1.12
78.52,2.21,33.36,78.52,1.45,33.94,0.9560334722,0.65,0.5685,3.59,0.94
78.51,2.29,33.29,78.53,1.37,34.01,1.1684177335,0.8,0.6923,4.59,1.21
78.51,2.4,33.21,78.53,1.26,34.09,1.440277751,0.99,0.8562,5.77,1.27
78.51,2.52,33.12,78.53,1.14,34.18,1.7402298699,1.2,1.0363,6.75,0.92
78.17,1.95,36.63,77.57,1.29,35.95,1.1216059914,0.7,0.7721,4.08,1.01
78.29,2.08,36.76,77.45,1.16,35.82,1.560640894,0.97,1.0775,5.1,1.28
78.32,2.12,36.8,77.42,1.12,35.78,1.6883127672,1.05,1.1606,5.58,1.21
78.37,2.18,36.86,77.37,1.06,35.72,1.8852055591,1.17,1.2931,6.55,0.99
78.12,1.77,36.63,77.52,2.21,35.97,0.9945853407,0.61,0.7152,4.08,0.9
78.2,1.71,36.72,77.44,2.27,35.88,1.2636455199,0.78,0.9069,4.75,1.22
78.27,1.66,36.79,77.37,2.32,35.81,1.4852609198,0.91,1.0708,5,1.29
78.3,1.64,36.83,77.34,2.34,35.77,1.592231139,0.97,1.143,5.58,1.24
78.39,1.58,36.92,77.25,2.4,35.68,1.8733926444,1.15,1.3512,5.99,0.9
78.4,1.56,36.94,77.24,2.42,35.66,1.929663183,1.18,1.3843,6.55,0.81
77.49,2.34,36.37,77.99,1.74,35.91,0.9064215355,0.59,0.6498,3.72,0.84
77.4,2.44,36.44,78.08,1.64,35.84,1.2092973166,0.79,0.8752,4.53,1.24
77.38,2.46,36.47,78.1,1.62,35.82,1.2831601615,0.85,0.9252,5.15,1.28
77.34,2.51,36.5,78.14,1.57,35.78,1.4289856542,0.95,1.0302,5.52,1.28
77.23,2.64,36.6,78.25,1.44,35.68,1.8239517537,1.19,1.3135,6.41,0.82
78.21,2.03,36.1,77.77,1.53,36.52,0.7874007874,0.53,0.5743,3.72,0.79
78.27,2.1,36.05,77.71,1.46,36.57,0.9967948636,0.67,0.7308,4.53,1.13
78.35,2.19,35.98,77.63,1.37,36.64,1.2753038854,0.85,0.9378,5.15,1.28
78.38,2.22,35.95,77.6,1.34,36.67,1.3788400923,0.92,1.0135,5.52,1.22
78.44,2.29,35.89,77.54,1.27,36.73,1.5987495113,1.07,1.1726,6.41,0.9
64.74,-10.02,13.42,64.46,-9.98,13.4,0.2835489376,0.23,0.2814,2.95,0
64.83,-10.03,13.42,64.37,-9.97,13.4,0.4643274706,0.39,0.4619,3.45,0
64.97,-10.04,13.42,64.23,-9.96,13.4,0.7445804188,0.61,0.7421,4.8,1.04
65.1,-10.06,13.43,64.1,-9.94,13.39,1.0079682535,0.83,1.0034,5.64,0.04
65.23,-10.07,13.43,63.97,-9.93,13.39,1.2683847997,1.04,1.2637,6.41,0
65.35,-10.09,13.44,63.85,-9.91,13.38,1.5119523802,1.26,1.5051,6.75,0
65.59,-10.12,13.45,63.61,-9.88,13.37,1.9960961901,1.65,1.9869,7.05,0
64.73,-9.59,13.43,64.73,-10.39,13.55,0.8089499366,0.67,0.5638,3.45,0
64.72,-9.49,13.41,64.74,-10.49,13.57,1.012916581,0.86,0.7047,4.59,0.02
64.72,-9.35,13.39,64.74,-10.63,13.59,1.2956851469,1.08,0.904,5.47,5.39
64.72,-9.25,13.38,64.74,-10.73,13.6,1.4963956696,1.26,1.0476,6.28,0.08
64.72,-9.16,13.36,64.74,-10.82,13.62,1.6803571049,1.41,1.1749,7.05,0
64.72,-9.02,13.34,64.74,-10.96,13.64,1.9631607168,1.65,1.3757,7.05,0
64.74,-10.32,13.67,64.76,-10.32,13.01,0.6603029608,0.42,0.4365,2.95,0
64.73,-10.32,13.85,64.77,-10.32,12.83,1.0207840124,0.65,0.6734,3.92,0
64.73,-10.31,13.97,64.77,-10.33,12.71,1.260793401,0.81,0.8347,4.36,0.05
64.72,-10.31,14.11,64.78,-10.33,12.57,1.5412981542,0.98,1.0178,5.05,5.64
64.72,-10.31,14.22,64.78,-10.33,12.46,1.761135997,1.12,1.1603,6.08,0.59
64.77,-9.8,13.69,64.89,-10.32,13.21,0.7177743378,0.62,0.5761,2.95,0
64.75,-9.7,13.78,64.91,-10.42,13.12,0.9897474425,0.86,0.794,4.01,0.23
64.73,-9.63,13.84,64.93,-10.49,13.06,1.178134118,1.02,0.946,4.95,5.65
64.71,-9.51,13.95,64.95,-10.61,12.95,1.5058552387,1.31,1.2076,6.17,0
64.69,-9.42,14.03,64.97,-10.7,12.87,1.7499714283,1.53,1.4033,7.05,0
64.8,-9.49,12.68,64.68,-8.65,11.44,1.5025311977,0.97,0.8836,4.29,0.27
64.81,-9.56,12.79,64.67,-8.58,11.33,1.7639727889,1.14,1.0341,5.1,5.64
64.82,-9.62,12.87,64.66,-8.52,11.25,1.9646882704,1.26,1.1489,6.08,1.26
64.84,-9.73,13.04,64.64,-8.41,11.08,2.3714974172,1.52,1.3805,7.05,0
64.85,-9.78,13.1,64.63,-8.36,11.02,2.5280822771,1.62,1.469,7.05,0
65.5,-9.93,13.66,64.88,-10.45,13.18,0.9408506789,0.8,0.8377,4.59,4.73
65.2,-10.18,13.43,65.18,-10.2,13.41,0.0346410162,0.03,0.0301,3.72,0
65.58,-9.85,13.72,64.8,-10.53,13.12,1.1961605243,1.02,1.0633,5.41,0.01
65.67,-9.77,13.79,64.71,-10.61,13.05,1.4747203125,1.26,1.3104,5.99,0
65.73,-9.72,13.84,64.65,-10.66,13,1.66,1.41,1.4746,6.75,0
65.58,-10.42,13.73,64.84,-9.78,12.99,1.226702898,0.87,0.9233,4.16,3.43
65.63,-10.47,13.78,64.79,-9.73,12.94,1.399571363,0.98,1.0507,5.05,3.11
65.66,-10.49,13.81,64.76,-9.71,12.91,1.4927826366,1.05,1.1223,5.52,0.42
65.76,-10.58,13.91,64.66,-9.62,12.81,1.8280043764,1.28,1.3716,5.77,0
65.88,-10.69,14.04,64.54,-9.51,12.68,2.2444598459,1.59,1.6755,6.28,0
65.02,-9.93,13.88,65.44,-10.41,13.44,0.7748548251,0.66,0.6662,3.25,0
64.99,-9.9,13.91,65.47,-10.44,13.41,0.8786353055,0.76,0.7561,4.59,0.24
64.94,-9.84,13.97,65.52,-10.5,13.35,1.0753604047,0.92,0.9234,4.95,5.02
64.88,-9.78,14.02,65.58,-10.56,13.3,1.271534506,1.08,1.0954,5.58,0.01
64.82,-9.71,14.09,65.64,-10.63,13.23,1.5027973915,1.28,1.2925,6.41,0
65.37,-10.04,13.15,64.95,-10.36,13.53,0.6505382387,0.46,0.5076,3.25,0
65.41,-10,13.1,64.91,-10.4,13.58,0.8002499609,0.57,0.6156,4.29,0.02
65.49,-9.94,13.04,64.83,-10.46,13.64,1.0324727599,0.73,0.8032,5.05,5.1
65.56,-9.88,12.96,64.76,-10.52,13.72,1.2756174975,0.9,0.9845,5.77,0
65.59,-9.86,12.94,64.73,-10.54,13.74,1.3572030062,0.97,1.0526,6.75,0
14.92,-0.6,0.39,14.18,-0.64,0.41,0.7413501197,0.49,0.7413,4.01,0.61
14.99,-0.6,0.39,14.11,-0.64,0.41,0.8811356309,0.58,0.8811,4.42,0.93
15.22,-0.58,0.39,13.88,-0.66,0.41,1.3425349157,0.89,1.3424,5,1.46
15.3,-0.58,0.38,13.8,-0.66,0.42,1.5026643005,0.99,1.5025,5.52,1.21
15.41,-0.57,0.38,13.69,-0.67,0.42,1.723368794,1.14,1.7232,6.55,0.7
14.13,0.08,0.44,14.01,-0.36,0.52,0.4630334761,0.67,0.4592,3.25,0.56
14.15,0.16,0.43,13.99,-0.44,0.53,0.6289674077,0.9,0.6238,4.36,1.15
14.16,0.19,0.42,13.98,-0.47,0.54,0.6945502142,1,0.6889,5,1.34
14.19,0.32,0.4,13.95,-0.6,0.56,0.9641576635,1.39,0.9558,5.64,1.23
14.21,0.41,0.39,13.93,-0.69,0.57,1.1492606319,1.65,1.1386,6.41,0.58
14.04,-0.29,1.11,13.74,-0.03,0.37,0.839761871,0.84,0.8044,4.08,0.75
14.08,-0.33,1.22,13.7,0.01,0.26,1.0870142593,1.07,1.0368,4.69,1.29
14.11,-0.36,1.3,13.67,0.04,0.19,1.259245806,1.25,1.198,5.15,1.49
14.15,-0.39,1.38,13.63,0.07,0.1,1.4561593319,1.45,1.383,5.1,1.4
14.16,-0.4,1.41,13.62,0.08,0.07,1.5223665787,1.52,1.4451,5.47,1.3
14.24,-0.48,1.63,13.54,0.16,-0.15,2.0169283577,2,1.9235,6.41,0.31
14.18,-0.41,0.6,13.82,-0.59,0.44,0.4331281566,0.39,0.4317,3.72,0.21
14.36,-0.32,0.68,13.64,-0.68,0.36,0.8662563131,0.78,0.8633,4.08,1.18
14.45,-0.27,0.72,13.55,-0.73,0.32,1.0870142593,0.97,1.0831,5,1.5
14.54,-0.23,0.76,13.46,-0.77,0.28,1.2993844697,1.16,1.2947,5.64,1.25
14.72,-0.14,0.84,13.28,-0.86,0.2,1.7325126262,1.54,1.7258,6.41,0.25
14.59,-0.64,0.63,14.25,-0.26,0.25,0.6359245238,0.71,0.6184,3.72,0.64
14.66,-0.72,0.71,14.18,-0.18,0.17,0.9019977827,0.98,0.874,4.75,1.33
14.74,-0.81,0.8,14.1,-0.09,0.08,1.2026637103,1.32,1.161,5.2,1.36
14.75,-0.82,0.81,14.09,-0.08,0.07,1.2372550263,1.35,1.1939,5.47,1.29
14.81,-0.88,0.87,14.03,-0.02,0.01,1.4448529337,1.59,1.3913,6.08,0.75
14.1,-0.15,0.23,14.58,-0.53,-0.07,0.681762422,0.72,0.6796,3.45,0.8
14.07,-0.12,0.25,14.61,-0.56,-0.09,0.775112895,0.81,0.7726,4.23,1.08
14.05,-0.11,0.27,14.63,-0.57,-0.11,0.8321057625,0.87,0.8294,4.59,1.21
13.96,-0.03,0.33,14.72,-0.65,-0.17,1.1009087156,1.14,1.097,5.15,1.47
13.9,0.01,0.36,14.78,-0.69,-0.2,1.2561846998,1.3,1.2517,5.64,1.19
13.79,0.1,0.43,14.89,-0.78,-0.27,1.5730225682,1.64,1.5665,6.41,0.36
13.87,-0.71,0.16,13.55,-1.21,0.42,0.6480740698,0.78,0.633,3.83,0.93
13.9,-0.66,0.14,13.52,-1.26,0.44,0.7709734107,0.92,0.7542,4.64,1.3
13.96,-0.56,0.09,13.46,-1.36,0.49,1.0246950766,1.22,1.0058,5.41,1.4
14.01,-0.48,0.05,13.41,-1.44,0.53,1.2296340919,1.48,1.2103,5.71,0.81
14.05,-0.42,0.02,13.37,-1.5,0.56,1.3857849761,1.67,1.3669,6.41,0.38
69.27,-30.83,-5.02,68.27,-30.73,-5,1.0051865499,0.79,1.0009,4.01,1.17
69.36,-30.84,-5.02,68.18,-30.72,-5,1.1862546101,0.93,1.1811,5.31,1.33
69.53,-30.85,-5.03,68.01,-30.71,-4.99,1.5269577597,1.2,1.5212,5.84,1.1
69.81,-30.88,-5.03,67.73,-30.68,-4.99,2.0899760764,1.64,2.0817,5.71,0.22
69.99,-30.89,-5.03,67.55,-30.67,-4.99,2.4502244795,1.92,2.4418,5.99,0.03
68.61,-29.94,-5.22,68.57,-31.84,-5.14,1.9021040981,0.83,0.8319,4.08,1.19
68.61,-29.78,-5.23,68.57,-32,-5.13,2.2226110771,0.98,0.9755,4.8,1.34
68.62,-29.64,-5.23,68.57,-32.14,-5.13,2.5024987512,1.1,1.0996,5.25,1.31
68.62,-29.39,-5.24,68.56,-32.39,-5.12,3.0029985015,1.31,1.3254,6.08,0.96
68.63,-28.9,-5.26,68.55,-32.88,-5.1,3.9840180722,1.75,1.7741,7.05,0.18
68.37,-30.62,-4.55,68.43,-31.16,-5.59,1.17,0.88,0.7075,3.25,0.97
68.36,-30.55,-4.42,68.44,-31.23,-5.72,1.47,0.7,0.8861,4.16,1.28
68.36,-30.5,-4.32,68.44,-31.28,-5.82,1.6925720073,1.02,1.0218,4.9,1.34
68.35,-30.43,-4.19,68.45,-31.36,-5.95,1.9931131428,1.2,1.2018,5.64,1.15
68.34,-30.31,-3.96,68.46,-31.47,-6.18,2.5076682396,1.51,1.5171,6.55,0.49
68.58,-30.45,-5.12,68.26,-30.85,-5.4,0.5837807808,0.35,0.396,3.25,0.34
68.71,-30.29,-5,68.13,-31.01,-5.52,1.0607544485,0.62,0.7212,3.92,1.01
68.79,-30.19,-4.93,68.05,-31.11,-5.59,1.3526270735,0.81,0.92,5.1,1.32
68.82,-30.16,-4.91,68.02,-31.14,-5.62,1.4506894912,0.86,0.9915,5.92,1.35
68.95,-29.99,-4.78,67.89,-31.31,-5.74,1.9461757372,1.15,1.3239,6.55,0.87
69.09,-29.83,-4.67,67.75,-31.47,-5.85,2.4243762084,1.44,1.6613,7.05,0.24
69.38,-31.03,-4.45,68.62,-30.47,-5.25,1.2374166639,0.87,0.9826,3.45,1.01
69.48,-31.1,-4.34,68.52,-30.4,-5.36,1.5658863305,1.09,1.2436,4.23,1.32
69.51,-31.13,-4.31,68.49,-30.37,-5.39,1.6686521507,1.17,1.3219,5.41,1.34
69.62,-31.2,-4.2,68.38,-30.3,-5.5,2.0093780132,1.41,1.5982,6.08,1.18
69.73,-31.29,-4.08,68.27,-30.21,-5.62,2.3810921864,1.67,1.8877,7.05,0.73
68.38,-30.09,-4.62,69.02,-31.05,-5.2,1.2913558766,0.72,0.8279,4.01,1
68.3,-29.96,-4.55,69.1,-31.18,-5.27,1.6268988905,0.92,1.0382,4.85,1.3
68.27,-29.92,-4.52,69.13,-31.22,-5.3,1.7429859437,0.98,1.1159,5.25,1.34
68.21,-29.83,-4.47,69.19,-31.31,-5.35,1.9812117504,1.11,1.2697,5.99,1.29
68.07,-29.61,-4.34,69.33,-31.53,-5.48,2.5639032743,1.44,1.6407,6.55,0.66
69.27,-30.46,-5.36,68.65,-30.82,-4.46,1.1506519891,0.82,0.8998,3.72,1.09
69.31,-30.44,-5.42,68.61,-30.84,-4.4,1.3001538371,0.92,1.017,4.75,1.26
69.42,-30.38,-5.56,68.5,-30.9,-4.26,1.6753507096,1.19,1.3169,5.47,1.27
69.45,-30.35,-5.62,68.47,-30.93,-4.2,1.820219767,1.29,1.4228,6.17,1.13
69.5,-30.33,-5.68,68.42,-30.95,-4.14,1.9805049861,1.41,1.5539,6.75,0.89
29.19,21.2,17.67,28.59,21.18,17.61,0.6033241252,0.46,0.6009,3.92,0.95
29.29,21.2,17.68,28.49,21.18,17.6,0.8042387705,0.61,0.8013,4.85,1.08
29.47,21.2,17.7,28.31,21.18,17.58,1.1663618649,0.89,1.1621,5.31,1.06
29.54,21.21,17.71,28.24,21.17,17.57,1.3081284341,1,1.3024,5.64,0.97
29.67,21.21,17.72,28.11,21.17,17.56,1.5686937241,1.19,1.5626,5.99,0.72
28.85,21.22,17.68,28.83,20.44,17.62,0.7825599019,0.47,0.4305,3.92,1
28.85,21.31,17.69,28.83,20.35,17.61,0.9635351576,0.59,0.5278,4.64,1.08
28.85,21.38,17.7,28.83,20.28,17.6,1.1047171584,0.67,0.6024,4.85,1.11
28.86,21.51,17.71,28.82,20.15,17.59,1.3658696863,0.82,0.745,5.47,1.06
28.86,21.58,17.72,28.82,20.08,17.58,1.5070500987,0.91,0.8192,6.08,0.98
28.87,21.88,17.74,28.81,19.78,17.56,2.1085540069,1.28,1.1464,6.75,0.49
28.93,21.07,18.3,28.91,21.13,17.3,1.001998004,0.68,0.6256,3.59,1
28.93,21.06,18.42,28.91,21.14,17.18,1.2427389106,0.85,0.7764,4.36,1.09
28.94,21.05,18.52,28.9,21.15,17.08,1.4440221605,0.98,0.9035,4.95,1.11
28.94,21.04,18.69,28.9,21.16,16.91,1.7844887223,1.2,1.1141,5.52,1.04
28.94,21.03,18.77,28.9,21.17,16.83,1.9454562447,1.32,1.216,6.28,0.96
29,21.36,17.95,28.46,20.88,17.41,0.9019977827,0.53,0.6305,4.59,1.03
29.03,21.39,17.99,28.43,20.85,17.37,1.017840852,0.59,0.7054,5.2,1.08
29.09,21.44,18.05,28.37,20.8,17.31,1.2147427711,0.71,0.8444,5,1.11
29.13,21.47,18.09,28.33,20.77,17.27,1.3425349157,0.78,0.9363,5.31,1.1
29.19,21.53,18.16,28.27,20.71,17.2,1.5621779668,0.92,1.0815,5.52,1.02
29.31,21.63,18.28,28.15,20.61,17.09,1.9498974332,1.14,1.3566,7.05,0.75
29.35,21.06,18.15,28.99,21.44,17.81,0.6241794614,0.48,0.5075,3.25,0.96
29.38,21.03,18.18,28.96,21.47,17.78,0.7280109889,0.58,0.5922,4.29,1.03
29.44,20.97,18.24,28.9,21.53,17.72,0.9357350052,0.72,0.7616,4.95,1.11
29.49,20.92,18.28,28.85,21.58,17.68,1.0978160137,0.86,0.8955,5.64,1.1
29.54,20.87,18.33,28.8,21.63,17.63,1.2709051892,0.99,1.0366,6.41,1.02
29.62,20.79,18.4,28.72,21.71,17.56,1.5368799563,1.2,1.2553,6.75,0.8
28.81,21.45,18.04,29.21,21.11,17.74,0.6046486583,0.38,0.4475,3.59,0.8
28.68,21.56,18.14,29.34,21,17.64,0.99959992,0.61,0.7385,4.16,1.03
28.59,21.64,18.21,29.44,20.92,17.57,1.2847178679,0.79,0.9499,4.9,1.11
28.5,21.71,18.27,29.52,20.85,17.51,1.5354478174,0.94,1.1379,5.2,1.09
28.41,21.8,18.35,29.61,20.76,17.43,1.8352111595,1.11,1.3456,6.41,0.98
28.88,21.28,17.86,28.5,20.88,18.12,0.6099180273,0.46,0.5023,3.83,0.95
28.95,21.36,17.81,28.43,20.8,18.17,0.8447484833,0.64,0.6928,4.48,1.09
28.98,21.39,17.8,28.4,20.77,18.18,0.9301612763,0.71,0.7645,5.1,1.11
29.04,21.45,17.76,28.34,20.71,18.22,1.1176761606,0.86,0.9202,5.77,1.08
29.1,21.51,17.71,28.28,20.65,18.27,1.3136209499,1.01,1.0821,6.41,0.97
32.63,-33.07,-5.06,31.89,-33.33,-5.08,0.7846018098,0.6,0.7474,4.08,0.97
32.75,-33.03,-5.06,31.77,-33.37,-5.08,1.0374969879,0.79,0.9895,4.95,1.74
32.89,-32.99,-5.06,31.63,-33.41,-5.08,1.3283071934,1.02,1.2714,5.77,0.95
32.9,-32.98,-5.06,31.62,-33.42,-5.08,1.3536617007,1.03,1.2923,5.77,0.86
33.03,-32.94,-5.05,31.49,-33.46,-5.09,1.6259151269,1.24,1.5542,6.55,0.13
31.52,-32.07,-5.11,31.66,-34.79,-4.79,2.7423347717,1.17,1.1852,4.08,1.03
31.5,-31.65,-5.15,31.68,-35.21,-4.75,3.5869206849,1.53,1.5575,5.05,1.74
31.48,-31.41,-5.18,31.7,-35.45,-4.72,4.0720510802,1.74,1.7777,5.36,1.56
31.48,-31.34,-5.19,31.7,-35.52,-4.71,4.213217298,1.8,1.8414,5.77,1.42
31.45,-30.74,-5.26,31.73,-36.12,-4.64,5.422840584,2.32,2.3939,5.99,0.22
31.6,-33.31,-4.64,31.6,-33.69,-5.4,0.8497058314,0.51,0.5014,3.72,0.43
31.6,-33.24,-4.51,31.6,-33.76,-5.53,1.1449017425,0.68,0.6742,4.48,1.24
31.6,-33.19,-4.41,31.6,-33.81,-5.63,1.3685028316,0.81,0.8068,4.9,1.72
31.6,-33.13,-4.3,31.6,-33.87,-5.74,1.6190120444,0.96,0.9536,5.2,1.49
31.6,-33.12,-4.27,31.6,-33.88,-5.77,1.6815469069,1,0.9928,5.58,1.31
31.6,-33.06,-4.15,31.6,-33.94,-5.89,1.9498717907,1.16,1.1526,6.41,0.53
31.77,-32.96,-4.92,31.31,-34.18,-5.34,1.3698175061,0.64,0.7023,3.59,0.39
31.83,-32.81,-4.87,31.25,-34.33,-5.39,1.7079812645,0.8,0.8802,4.42,0.94
31.95,-32.49,-4.76,31.13,-34.65,-5.5,2.4260255563,1.13,1.2525,4.95,1.72
32.01,-32.34,-4.71,31.07,-34.8,-5.56,2.7672549575,1.3,1.434,6.08,1.27
32.16,-31.92,-4.56,30.92,-35.22,-5.7,3.7050236167,1.74,1.9185,7.05,0.09
31.51,-34.13,-4.79,31.11,-33.87,-5.25,0.662721661,0.46,0.5208,2.95,0.15
31.6,-34.2,-4.68,31.02,-33.8,-5.36,0.9791833332,0.67,0.7628,3.83,0.74
31.64,-34.22,-4.64,30.98,-33.78,-5.4,1.0985444916,0.76,0.8607,4.23,1.12
31.71,-34.27,-4.56,30.91,-33.73,-5.48,1.3334166641,0.92,1.0434,4.64,1.69
31.74,-34.29,-4.53,30.88,-33.71,-5.51,1.4270248771,0.99,1.1179,5.15,1.74
31.84,-34.36,-4.41,30.78,-33.64,-5.63,1.7692936444,1.23,1.383,6.55,1.03
31.11,-33.69,-4.69,31.67,-34.53,-5.07,1.0787029248,0.59,0.6819,3.59,0.76
31.07,-33.63,-4.67,31.71,-34.59,-5.09,1.2278436383,0.67,0.7769,4.64,1.16
31.02,-33.55,-4.63,31.76,-34.67,-5.13,1.4324803664,0.78,0.9032,5.58,1.63
30.95,-33.45,-4.59,31.83,-34.77,-5.17,1.6891417939,0.91,1.0698,5.47,1.65
30.83,-33.27,-4.51,31.95,-34.95,-5.25,2.1504418151,1.17,1.3632,5.47,0.52
30.81,-33.24,-4.49,31.97,-34.98,-5.27,2.2319498202,1.22,1.4147,5.99,0.35
31.96,-33.91,-5.06,31.64,-34.35,-4.7,0.6523802572,0.41,0.4491,3.25,0.22
32.07,-33.76,-5.19,31.53,-34.5,-4.57,1.1061645447,0.69,0.7628,5.2,1.52
32.15,-33.65,-5.28,31.45,-34.61,-4.48,1.4323407416,0.9,0.9881,5.71,1.5
32.23,-33.55,-5.37,31.37,-34.71,-4.39,1.7451647487,1.1,1.2098,5.99,0.48
32.34,-33.4,-5.5,31.26,-34.86,-4.26,2.1989997726,1.37,1.5247,6.55,0.01
60.18,-13.68,-25.85,59.72,-13.74,-25.83,0.4643274706,0.41,0.4621,2.95,0.65
60.33,-13.66,-25.86,59.57,-13.76,-25.82,0.7675936425,0.67,0.7637,4.85,0.99
60.42,-13.65,-25.86,59.48,-13.77,-25.82,0.9484724561,0.83,0.944,5,1.13
60.58,-13.63,-25.87,59.32,-13.79,-25.81,1.271534506,1.11,1.2655,4.85,1.11
60.74,-13.61,-25.88,59.16,-13.81,-25.8,1.5946159412,1.4,1.587,5.25,0.8
60.88,-13.59,-25.89,59.02,-13.83,-25.79,1.8780841302,1.65,1.8687,5.92,0.47
59.19,-13.18,-26.86,59.39,-14.4,-27.1,1.2593649193,0.76,0.7761,4.08,1.08
59.16,-12.98,-26.81,59.42,-14.6,-27.15,1.6755894485,1.01,1.0283,5.25,1.15
59.15,-12.93,-26.8,59.43,-14.65,-27.16,1.7794381136,1.07,1.0933,5.36,1.13
59.13,-12.75,-26.77,59.45,-14.83,-27.19,2.1459729728,1.29,1.3208,5.52,0.92
59.12,-12.71,-26.76,59.46,-14.87,-27.2,2.2304259683,1.34,1.3735,5.99,0.86
59.87,-12.92,-25.14,60.11,-13.26,-26.5,1.4222517358,0.63,0.6837,3.59,1
59.85,-12.88,-25.01,60.13,-13.3,-26.63,1.6968205562,0.75,0.8138,4.53,1.12
59.8,-12.82,-24.78,60.18,-13.36,-26.86,2.1822923727,0.97,1.0562,5.47,1.14
59.77,-12.77,-24.58,60.21,-13.41,-27.06,2.5987689393,1.15,1.2589,5.64,0.98
59.75,-12.75,-24.47,60.23,-13.43,-27.17,2.8253849295,1.25,1.3737,6.17,0.86
59.73,-13.28,-25.66,59.29,-13.8,-25.98,0.7525955089,0.51,0.5413,3.59,0.93
59.8,-13.2,-25.61,59.22,-13.88,-26.03,0.9875221517,0.67,0.712,5.52,1.12
59.93,-13.05,-25.52,59.09,-14.03,-26.12,1.4233762679,0.97,1.0301,6.17,1.06
60.01,-12.96,-25.46,59.01,-14.12,-26.18,1.6923356641,1.14,1.2248,7.05,0.79
60.53,-13.55,-25.09,59.89,-12.93,-26.03,1.2952219887,0.84,0.9703,3.83,1.06
60.59,-13.61,-24.99,59.83,-12.87,-26.13,1.5571769328,1.01,1.1619,5,1.15
60.63,-13.65,-24.93,59.79,-12.83,-26.19,1.7220917513,1.11,1.2853,5.31,1.16
60.71,-13.73,-24.82,59.71,-12.75,-26.3,2.0373512216,1.32,1.5257,5.77,1.08
60.86,-13.87,-24.6,59.56,-12.61,-26.52,2.6389391808,1.71,1.9783,6.55,0.66
60.21,-12.95,-25.34,60.87,-13.53,-25.78,0.9826494797,0.69,0.7528,3.92,0.97
60.08,-12.83,-25.25,61,-13.65,-25.87,1.3795651489,0.96,1.0533,4.75,1.16
60.07,-12.83,-25.25,61.01,-13.65,-25.87,1.3929824119,0.98,1.0708,5.25,1.16
59.98,-12.75,-25.19,61.1,-13.73,-25.93,1.6620469307,1.17,1.2771,5.47,1.12
60.02,-12.78,-25.21,61.06,-13.7,-25.91,1.5549919614,1.1,1.1891,6.28,1.15
59.74,-12.54,-25.03,61.34,-13.94,-26.09,2.3756262332,1.66,1.8263,7.05,0.56
60.29,-13.04,-26.31,59.39,-13.9,-25.09,1.7429859437,1.15,1.3215,4.23,1.11
60.38,-12.95,-26.44,59.3,-13.99,-24.96,2.1067510532,1.4,1.5931,4.64,1.16
60.41,-12.92,-26.49,59.27,-14.02,-24.91,2.237409216,1.48,1.6877,5.1,1.16
60.47,-12.86,-26.56,59.21,-14.08,-24.84,2.4565015774,1.63,1.8583,5.47,1.1
60.52,-12.82,-26.63,59.16,-14.12,-24.77,2.645600121,1.75,1.9999,6.08,1.03
60.58,-12.75,-26.71,59.1,-14.19,-24.69,2.8886675129,1.91,2.1843,6.75,0.9
18.61,25.99,3.23,17.87,25.87,3.29,0.7520638271,0.51,0.7437,4.08,1
18.72,26.01,3.22,17.76,25.85,3.3,0.9765244493,0.66,0.9651,5.15,1
18.79,26.02,3.22,17.69,25.84,3.3,1.1174972036,0.76,1.1051,5.2,1
18.87,26.04,3.21,17.61,25.82,3.31,1.2829653152,0.87,1.2668,5.36,1
18.99,26.06,3.2,17.49,25.8,3.32,1.5270887335,1.03,1.5081,5.77,1
17.02,25.58,3.32,17.64,24.56,3.27,1.1946966142,0.65,0.781,3.92,1
16.93,25.73,3.32,17.73,24.41,3.26,1.5446682492,0.85,1.0077,4.29,1
16.85,25.88,3.33,17.81,24.26,3.25,1.8847811544,1.03,1.218,5.31,1
16.77,26,3.34,17.89,24.14,3.24,2.1734764779,1.2,1.411,5.92,1
17.03,25.06,4.19,16.95,25,3.47,0.7269112738,0.47,0.5209,2.95,0.99
17.06,25.08,4.45,16.92,24.98,3.21,1.2518785884,0.82,0.897,4.23,1
17.08,25.1,4.61,16.9,24.96,3.05,1.576578574,1.02,1.128,4.8,1
17.08,25.1,4.68,16.9,24.96,2.98,1.7152259326,1.12,1.2271,5.2,1
17.1,25.11,4.81,16.88,24.95,2.85,1.9787875075,1.29,1.4162,5.77,1
18.34,26.22,3.77,17.92,25.82,3.41,0.6826419266,0.4,0.5142,2.95,0.99
18.47,26.34,3.88,17.79,25.7,3.3,1.0992724867,0.65,0.83,3.92,1
18.47,26.34,3.88,17.79,25.7,3.3,1.0992724867,0.65,0.83,4.16,1
18.58,26.45,3.98,17.68,25.59,3.2,1.4690132743,0.87,1.1036,4.8,1
18.63,26.5,4.01,17.63,25.54,3.17,1.6208639671,0.96,1.2179,5.99,1
18.44,25.54,3.62,17.76,26,3.08,0.9826494797,0.63,0.8236,3.59,1
18.54,25.47,3.7,17.66,26.07,3,1.2745195173,0.83,1.0672,4.75,1
18.61,25.43,3.75,17.59,26.11,2.95,1.4638305913,0.94,1.2308,5.1,1
18.71,25.36,3.83,17.49,26.18,2.87,1.7556765078,1.13,1.4746,4.95,1
18.78,25.32,3.89,17.42,26.22,2.81,1.9560163598,1.27,1.6454,5.15,1
18.89,25.24,3.98,17.31,26.3,2.72,2.282016652,1.47,1.9161,6.08,1
16.22,24.82,3.57,16.2,23.78,2.75,1.3245376552,0.73,0.7276,4.23,1
16.22,24.94,3.66,16.2,23.66,2.66,1.6244383645,0.88,0.8886,4.53,1
16.22,24.98,3.7,16.2,23.62,2.62,1.7367786272,0.95,0.9527,4.95,1
16.23,25.11,3.79,16.19,23.49,2.53,2.0527055317,1.12,1.1187,5.15,1
16.23,25.14,3.82,16.19,23.46,2.5,2.1369136623,1.17,1.1665,5.77,1
16.23,25.21,3.88,16.19,23.39,2.44,2.3211204191,1.27,1.2673,6.28,1
16.67,24.77,3.13,16.33,24.31,3.63,0.7597367965,0.48,0.5601,3.45,1
16.72,24.83,3.06,16.28,24.25,3.7,0.9693296653,0.62,0.7177,4.36,1
16.79,24.93,2.95,16.21,24.15,3.81,1.2978443666,0.82,0.957,5.05,1
16.85,25.01,2.86,16.15,24.07,3.9,1.5669077829,0.99,1.1551,5.52,1
16.93,25.11,2.75,16.07,23.97,4.01,1.904415921,1.2,1.4061,6.08,1
58.85,31.07,-0.04,57.99,31.05,-0.28,0.8930845425,0.79,0.8755,3.45,0.62
58.92,31.07,-0.02,57.92,31.05,-0.3,1.0386529738,0.92,1.0181,4.36,1.04
59.02,31.07,0,57.82,31.05,-0.32,1.2420950044,1.09,1.2197,5.15,1.52
59.17,31.08,0.04,57.67,31.04,-0.36,1.5529327094,1.38,1.5247,5.36,1.24
59.25,31.08,0.06,57.59,31.04,-0.38,1.7177892769,1.52,1.687,5.92,0.76
59.32,31.08,0.08,57.52,31.04,-0.4,1.8633303518,1.65,1.8296,6.08,0.4
58.12,32.32,-0.36,58.14,30.86,-0.42,1.461369221,0.62,0.5971,2.95,0.42
58.12,32.56,-0.35,58.14,30.62,-0.43,1.9417517864,0.82,0.7898,4.36,1.14
58.12,32.72,-0.34,58.14,30.46,-0.44,2.2622997149,0.95,0.9177,4.8,1.53
58.12,32.78,-0.34,58.14,30.4,-0.44,2.382183872,1,0.9651,5.1,1.57
58.12,32.9,-0.33,58.14,30.28,-0.45,2.6228229067,1.1,1.0606,5.41,1.47
58.12,33.06,-0.33,58.14,30.12,-0.45,2.9425159303,1.24,1.1859,5.58,1.04
57.93,31.9,0.46,58.19,31.48,-0.9,1.4469277798,0.87,0.9725,4.16,0.96
57.9,31.96,0.63,58.22,31.42,-1.07,1.8121810064,1.1,1.2147,4.75,1.54
57.88,31.99,0.74,58.24,31.39,-1.18,2.0435263639,1.23,1.3703,4.95,1.51
57.87,32,0.77,58.25,31.38,-1.21,2.1093126843,1.27,1.4154,5.64,1.43
57.83,32.06,0.97,58.29,31.32,-1.41,2.5344821956,1.52,1.7008,6.41,0.62
58.49,31.71,-0.02,57.87,30.99,-0.68,1.1568923891,0.75,0.8219,4.01,0.66
58.53,31.76,0.02,57.83,30.94,-0.72,1.3076696831,0.84,0.9269,4.59,0.99
58.61,31.85,0.1,57.75,30.85,-0.8,1.5967466925,1.03,1.1337,4.42,1.52
58.65,31.9,0.15,57.71,30.8,-0.85,1.7588632693,1.14,1.2459,5.05,1.56
58.72,31.98,0.22,57.64,30.72,-0.92,2.0133554083,1.31,1.427,5.92,1.19
57.79,31.87,0.47,57.37,32.13,0.09,0.623217458,0.46,0.5044,2.95,0.07
57.86,31.82,0.53,57.3,32.18,0.03,0.8325863319,0.61,0.6715,3.83,0.22
57.91,31.79,0.57,57.25,32.21,-0.01,0.9738583059,0.71,0.788,4.16,0.44
57.9,31.79,0.57,57.26,32.21,-0.01,0.9604165763,0.7,0.7713,4.01,0.4
58.09,31.67,0.73,57.07,32.33,-0.17,1.5119523802,1.11,1.2205,4.48,1.54
58.17,31.62,0.81,56.99,32.38,-0.25,1.7588632693,1.28,1.4183,5.52,1.45
57.85,31.83,-0.05,58.43,31.37,-0.41,0.8231646251,0.6,0.6574,3.25,0.22
57.73,31.93,0.04,58.55,31.27,-0.5,1.1830469137,0.86,0.9384,3.72,0.91
57.67,31.97,0.07,58.61,31.23,-0.53,1.3383572019,0.97,1.0687,4.42,1.29
57.57,32.05,0.13,58.71,31.15,-0.59,1.6211107303,1.18,1.2941,5.15,1.57
57.47,32.13,0.2,58.81,31.07,-0.66,1.9127989962,1.4,1.5245,5.84,1.08
57.39,32.2,0.25,58.89,31,-0.71,2.1474636202,1.56,1.7071,6.55,0.53
58.57,31.5,-0.42,57.93,31.04,0,0.8930845425,0.66,0.7255,2.95,0.25
58.73,31.61,-0.52,57.77,30.93,0.1,1.3298120168,0.98,1.0843,4.23,1.11
58.77,31.64,-0.55,57.73,30.9,0.13,1.4462364952,1.08,1.1771,4.69,1.35
58.9,31.74,-0.64,57.6,30.8,0.22,1.820219767,1.35,1.4752,5.47,1.48
59.1,31.88,-0.77,57.4,30.66,0.35,2.3733520599,1.75,1.9261,6.08,0.35
30.48,6.62,-30.82,29.78,6.62,-30.86,0.7011419257,0.54,0.7002,3.92,0.35
30.6,6.62,-30.81,29.66,6.62,-30.87,0.9419129471,0.73,0.9404,5.05,1.77
30.65,6.62,-30.8,29.61,6.62,-30.88,1.0430723848,0.8,1.0406,5.25,2.15
30.79,6.61,-30.79,29.47,6.63,-30.89,1.3239335331,1.03,1.3207,5.58,0.81
30.86,6.61,-30.79,29.4,6.63,-30.89,1.4635573101,1.14,1.4606,5.92,0.21
30.92,6.61,-30.78,29.34,6.63,-30.9,1.5846766232,1.23,1.5808,6.55,0.04
30.36,7.79,-31.79,30.44,6.67,-31.53,1.1525623627,0.75,0.7271,4.23,0.97
30.36,7.87,-31.8,30.44,6.59,-31.52,1.3127071265,0.86,0.8302,5.1,1.81
30.35,8.1,-31.86,30.45,6.36,-31.46,1.7881834358,1.16,1.1257,5.84,1.1
30.33,8.39,-31.92,30.47,6.07,-31.4,2.3816800793,1.56,1.5,6.55,0.01
30.32,8.54,-31.96,30.48,5.92,-31.36,2.6925824036,1.76,1.6923,6.75,0
30.1,6.67,-30.52,30.16,6.55,-30.98,0.479165942,0.34,0.2366,2.95,0.01
30.08,6.71,-30.36,30.18,6.51,-31.14,0.811418511,0.58,0.4004,3.83,0.47
30.07,6.75,-30.22,30.19,6.47,-31.28,1.1029052543,0.79,0.5442,5.1,2.04
30.04,6.8,-30.02,30.22,6.42,-31.48,1.5193419628,1.08,0.753,6.08,0.54
30.01,6.88,-29.75,30.25,6.34,-31.75,2.0854735673,1.49,1.0405,7.05,0
30.39,7.2,-31.45,30.09,6.54,-31.71,0.7701947806,0.68,0.5611,4.36,0.87
30.44,7.29,-31.41,30.04,6.45,-31.76,0.9940321926,0.88,0.727,4.95,2.15
30.46,7.34,-31.39,30.02,6.4,-31.77,1.1052601504,0.98,0.8076,5.64,1.88
30.49,7.41,-31.36,29.99,6.33,-31.8,1.268857754,1.13,0.9255,5.64,0.76
30.54,7.51,-31.32,29.94,6.23,-31.84,1.5062536307,1.33,1.1008,6.08,0.05
30.59,7.62,-31.27,29.89,6.12,-31.89,1.7675972392,1.56,1.2902,6.41,0
30.69,6.6,-31.04,30.07,7.16,-31.7,1.0647065323,0.54,0.7477,3.59,0.18
30.78,6.51,-30.94,29.98,7.25,-31.8,1.3882362911,0.7,0.9713,4.64,1.01
30.89,6.41,-30.83,29.87,7.35,-31.91,1.7579533555,0.88,1.2362,4.95,2.15
30.93,6.37,-30.78,29.83,7.39,-31.96,1.9086120612,0.96,1.3371,5.25,1.97
31.04,6.27,-30.66,29.72,7.49,-32.08,2.2906767559,1.15,1.6049,6.08,0.56
29.78,6.99,-30.77,30.08,6.59,-30.85,0.506359556,0.42,0.4082,3.45,0.03
29.66,7.15,-30.75,30.2,6.43,-30.87,0.907964757,0.76,0.7325,4.16,1.58
29.64,7.18,-30.74,30.22,6.4,-30.88,0.9820386958,0.81,0.7908,4.85,2.01
29.61,7.22,-30.74,30.25,6.36,-30.89,1.0824509227,0.89,0.8718,5.36,2.13
29.54,7.3,-30.72,30.32,6.28,-30.9,1.2966109671,1.06,1.0497,5.84,0.91
29.5,7.36,-30.71,30.36,6.22,-30.91,1.4419431334,1.19,1.1643,5.99,0.24
30.5,7.2,-31.44,29.68,6.36,-30.58,1.4551975811,0.73,1.0147,4.36,1.25
30.56,7.26,-31.51,29.62,6.3,-30.51,1.6748731295,0.85,1.1633,5.31,2
30.58,7.28,-31.52,29.6,6.28,-30.5,1.7322817323,0.87,1.2101,4.95,2.13
30.65,7.35,-31.59,29.53,6.21,-30.43,1.9747404893,1,1.381,5.41,1.77
30.71,7.41,-31.66,29.47,6.15,-30.36,2.1943563977,1.11,1.5293,5.31,0.93
30.8,7.5,-31.75,29.38,6.06,-30.27,2.5060726246,1.27,1.7486,6.17,0.15
83.92,-0.03,0.17,82.84,0.15,0.09,1.0978160137,0.77,1.0977,4.48,0.17
84.03,-0.04,0.18,82.73,0.16,0.08,1.3190905958,0.92,1.319,5.1,4.71
84.14,-0.06,0.19,82.62,0.18,0.07,1.5435025105,1.08,1.5434,5.64,0.04
84.35,-0.09,0.2,82.41,0.21,0.06,1.9680447149,1.38,1.9679,5.99,0
84.43,-0.11,0.21,82.33,0.23,0.05,2.1333541666,1.5,2.1331,6.08,0
84.51,-0.12,0.22,82.25,0.24,0.04,2.2955609336,1.62,2.2953,6.55,0
84.66,0.44,0.69,84.68,-0.52,0.75,0.9620810777,1.42,0.9502,4.64,2.46
84.65,0.5,0.69,84.69,-0.58,0.75,1.0824047302,1.62,1.0686,5.25,3.42
84.65,0.57,0.68,84.69,-0.65,0.76,1.2232742947,1.82,1.207,5.58,0.05
84.65,0.7,0.67,84.69,-0.78,0.77,1.4839137441,2.2,1.4624,5.99,0
84.64,0.98,0.66,84.7,-1.06,0.78,2.0444070045,3.01,2.0085,6.75,0
82.89,0.92,1.21,82.49,1.56,0.11,1.3340164917,1.44,1.3069,4.08,0
82.96,0.81,1.41,82.42,1.67,-0.09,1.8114082919,1.94,1.7721,4.9,3.95
83.01,0.74,1.53,82.37,1.74,-0.21,2.1064662352,2.26,2.0589,5.41,0.57
83.02,0.72,1.56,82.36,1.76,-0.24,2.1811006396,2.33,2.1313,5.99,0.11
83.11,0.58,1.81,82.27,1.9,-0.49,2.7817260828,2.98,2.7117,6.41,0
83.12,0.57,1.82,82.26,1.91,-0.5,2.8138230222,3.01,2.7429,6.75,0
84.14,-0.07,0,83.64,-0.63,-0.48,0.8910667764,0.99,0.8892,3.59,0
84.15,-0.05,0.02,83.63,-0.65,-0.5,0.9491048414,1.07,0.9476,4.59,0
84.22,0.03,0.09,83.56,-0.73,-0.57,1.2036610819,1.35,1.2008,5,4.49
84.28,0.09,0.14,83.5,-0.79,-0.62,1.4001428499,1.59,1.3953,5.31,0.36
84.37,0.19,0.23,83.41,-0.89,-0.71,1.7238329385,1.93,1.715,5.77,0
84.41,0.24,0.26,83.37,-0.94,-0.74,1.863866948,2.09,1.8532,6.75,0
84.17,0.72,0.27,83.67,1.32,-0.27,0.9495261976,1.05,0.934,4.08,0
84.25,0.62,0.36,83.59,1.42,-0.36,1.2625371282,1.39,1.2437,4.85,2.82
84.28,0.58,0.39,83.56,1.46,-0.39,1.3788400923,1.52,1.3589,5.15,4.29
84.34,0.51,0.46,83.5,1.53,-0.46,1.610093165,1.79,1.5881,5.47,0.03
84.41,0.43,0.54,83.43,1.61,-0.54,1.8759530911,2.08,1.8513,5.99,0
83.3,1.17,0.25,83.56,0.75,0.07,0.5257375771,0.64,0.5064,3.45,0
83.23,1.29,0.3,83.63,0.63,0.03,0.8176184929,1,0.7841,4.01,0
83.17,1.38,0.33,83.69,0.54,-0.01,1.0447966309,1.28,0.9998,5,4.69
83.14,1.44,0.36,83.72,0.48,-0.04,1.1907980517,1.46,1.137,6.17,0.56
83.02,1.63,0.43,83.84,0.29,-0.11,1.6612043824,2.03,1.5788,7.05,0
82.79,-0.7,-0.16,81.99,-0.78,0.3,0.9262828942,0.71,0.9235,3.92,0
83,-0.68,-0.28,81.78,-0.8,0.42,1.4116656828,1.08,1.4074,4.69,0.57
83.07,-0.68,-0.32,81.71,-0.8,0.46,1.5723867209,1.21,1.5676,4.9,4.48
83.19,-0.67,-0.39,81.59,-0.81,0.53,1.8509457042,1.41,1.8452,5.52,0.21
83.26,-0.66,-0.43,81.52,-0.82,0.57,2.0132560692,1.54,2.0068,6.08,0
76.59,18.17,79.67,75.21,17.83,79.73,1.4225329522,1.02,1.3887,4.59,1.55
76.65,18.19,79.67,75.15,17.81,79.73,1.5485477067,1.1,1.5099,5,2.48
76.75,18.21,79.66,75.05,17.79,79.74,1.7529403869,1.25,1.7108,5.25,2.22
76.79,18.23,79.66,75.01,17.77,79.74,1.8402173785,1.32,1.7923,5.41,1.54
76.88,18.25,79.66,74.92,17.75,79.74,2.0243517481,1.45,1.9731,5.41,0.35
77,18.28,79.65,74.8,17.72,79.75,2.272355606,1.63,2.2148,5.92,0.01
76.06,18.9,79.86,76.16,17.52,79.92,1.3849187702,0.8,0.6195,4.36,0.3
76.05,19.05,79.85,76.17,17.37,79.93,1.6861791127,0.97,0.7543,4.75,2.07
76.04,19.25,79.84,76.18,17.17,79.94,2.0871032557,1.2,0.9324,5.05,1.53
76.03,19.38,79.84,76.19,17.04,79.94,2.3475945135,1.35,1.0482,5.52,0.21
76.02,19.53,79.83,76.2,16.89,79.95,2.6488488066,1.53,1.1828,7.05,0
76.21,18.03,81.24,76.17,18.15,78.46,2.78287621,0.72,0.6539,3.45,0.01
76.21,18.02,81.43,76.17,18.16,78.27,3.1633526519,0.82,0.7424,3.83,0.08
76.21,18.02,81.51,76.17,18.16,78.19,3.3231912374,0.86,0.7781,3.83,0.15
76.21,18.01,81.62,76.17,18.17,78.08,3.5438397255,0.91,0.8307,3.83,0.38
76.21,18.01,81.74,76.17,18.18,77.96,3.7840322409,0.97,0.8859,4.01,0.81
76.21,18,81.84,76.17,18.18,77.86,3.9842690672,1.03,0.932,4.8,1.34
76.52,18.88,80.4,75.82,17.64,79.62,1.6235762994,0.81,0.8673,4.42,0.22
76.57,18.97,80.46,75.77,17.55,79.56,1.8618270596,0.93,0.9917,4.8,1.08
76.61,19.04,80.51,75.73,17.48,79.51,2.0513410248,1.03,1.0902,5.05,2.18
76.69,19.18,80.6,75.65,17.34,79.42,2.4206610667,1.21,1.2871,5.15,2.09
76.78,19.35,80.7,75.56,17.17,79.32,2.8539796776,1.43,1.5146,5.99,0.16
76.98,19.69,80.92,75.36,16.83,79.1,3.7571797934,1.89,2.0013,6.55,0
76.49,18.06,80.27,75.71,18.65,79.35,1.3427211177,0.75,0.8701,3.25,0.03
76.51,18.04,80.3,75.69,18.66,79.32,1.4202816622,0.78,0.9157,4.59,0.08
76.66,17.93,80.48,75.54,18.77,79.14,1.9379370475,1.07,1.2494,5.2,2.27
76.69,17.9,80.52,75.51,18.8,79.1,2.0539717622,1.13,1.3194,5.15,2.69
76.77,17.84,80.61,75.43,18.86,79.01,2.3229291853,1.29,1.4968,5.05,1.69
76.8,17.83,80.64,75.41,18.87,78.98,2.4019367186,1.32,1.5496,5.31,1.21
75.48,18.77,80.48,76.2,18.11,79.74,1.2253978946,0.62,0.7731,4.16,0.03
75.36,18.87,80.6,76.32,18.01,79.62,1.6191355718,0.82,1.028,4.85,1.18
75.23,18.99,80.73,76.45,17.89,79.49,2.0581545132,1.04,1.3069,5.36,2.2
75.12,19.09,80.84,76.56,17.79,79.38,2.4280032949,1.23,1.5426,5.99,0.2
74.83,19.35,81.14,76.85,17.53,79.08,3.4112167917,1.73,2.1629,6.75,0
76.38,18.81,79.43,75.8,17.66,80.35,1.5828139499,0.89,0.8429,4.08,0.21
76.49,19.01,79.27,75.69,17.45,80.51,2.147370485,1.21,1.1522,4.8,2.71
76.53,19.09,79.21,75.65,17.37,80.57,2.3627103081,1.33,1.2684,5.47,2.02
76.53,19.09,79.21,75.65,17.37,80.57,2.3627103081,1.33,1.2684,5.92,2.02
76.57,19.18,79.14,75.61,17.28,80.64,2.6041505333,1.47,1.3927,5.77,0.64
76.64,19.3,79.04,75.54,17.16,80.74,2.9461160873,1.66,1.5831,6.41,0.03
